{"coef": [0.004315838173375818, -0.007293191722503243, -0.022081367158798743, -0.04037926138195261, 0.023797110833790693, 0.017940754422851517, -0.018223060287910424, 0.04334191768275624], "intercept": 0.6329290845019835}